{
  "$schema": "https://developer.microsoft.com/json-schemas/fabric/item/report/definition/visualContainer/1.6.0/schema.json",
  "name": "f8f8f163c26a15357b6a",
  "position": {
    "x": 836.87855903414231,
    "y": 312.3278832759,
    "z": 5000,
    "height": 408.4287704377154,
    "width": 392.41195591074614,
    "tabOrder": 5000
  },
  "visual": {
    "visualType": "kpi",
    "query": {
      "queryState": {
        "Goal": {
          "projections": [
            {
              "field": {
                "Aggregation": {
                  "Expression": {
                    "Column": {
                      "Expression": {
                        "SourceRef": {
                          "Entity": "Sales_data"
                        }
                      },
                      "Property": "Units_Sold"
                    }
                  },
                  "Function": 5
                }
              },
              "queryRef": "CountNonNull(Sales_data.Units_Sold)",
              "nativeQueryRef": "Count of Units_Sold"
            }
          ]
        },
        "Indicator": {
          "projections": [
            {
              "field": {
                "Aggregation": {
                  "Expression": {
                    "Column": {
                      "Expression": {
                        "SourceRef": {
                          "Entity": "Sales_data"
                        }
                      },
                      "Property": "Profit_Per_Unit"
                    }
                  },
                  "Function": 0
                }
              },
              "queryRef": "Sum(Sales_data.Profit_Per_Unit)",
              "nativeQueryRef": "Sum of Profit_Per_Unit"
            }
          ]
        },
        "TrendLine": {
          "projections": [
            {
              "field": {
                "HierarchyLevel": {
                  "Expression": {
                    "Hierarchy": {
                      "Expression": {
                        "PropertyVariationSource": {
                          "Expression": {
                            "SourceRef": {
                              "Entity": "Sales_data"
                            }
                          },
                          "Name": "Variation",
                          "Property": "Date"
                        }
                      },
                      "Hierarchy": "Date Hierarchy"
                    }
                  },
                  "Level": "Month"
                }
              },
              "queryRef": "Sales_data.Date.Variation.Date Hierarchy.Month",
              "nativeQueryRef": "Date Month"
            }
          ]
        }
      }
    },
    "drillFilterOtherVisuals": true
  }
}