{
  "$schema": "https://developer.microsoft.com/json-schemas/fabric/item/report/definition/visualContainer/1.6.0/schema.json",
  "name": "9ae0497ded9d137e7e3c",
  "position": {
    "x": 496.52125033604614,
    "y": 0,
    "z": 1000,
    "height": 206.21648703472886,
    "width": 554.58220299630966,
    "tabOrder": 1000
  },
  "visual": {
    "visualType": "columnChart",
    "query": {
      "queryState": {
        "Category": {
          "projections": [
            {
              "field": {
                "HierarchyLevel": {
                  "Expression": {
                    "Hierarchy": {
                      "Expression": {
                        "PropertyVariationSource": {
                          "Expression": {
                            "SourceRef": {
                              "Entity": "Sales_data"
                            }
                          },
                          "Name": "Variation",
                          "Property": "Date"
                        }
                      },
                      "Hierarchy": "Date Hierarchy"
                    }
                  },
                  "Level": "Month"
                }
              },
              "queryRef": "Sales_data.Date.Variation.Date Hierarchy.Month",
              "nativeQueryRef": "Date Month",
              "active": true
            }
          ]
        },
        "Y": {
          "projections": [
            {
              "field": {
                "Aggregation": {
                  "Expression": {
                    "Column": {
                      "Expression": {
                        "SourceRef": {
                          "Entity": "Sales_data"
                        }
                      },
                      "Property": "Total_Profit"
                    }
                  },
                  "Function": 0
                }
              },
              "queryRef": "Sum(Sales_data.Total_Profit)",
              "nativeQueryRef": "Sum of Total_Profit"
            }
          ]
        }
      }
    },
    "drillFilterOtherVisuals": true
  }
}