{
  "$schema": "https://developer.microsoft.com/json-schemas/fabric/item/report/definition/visualContainer/1.6.0/schema.json",
  "name": "a31b1932d1d4fbe28c8b",
  "position": {
    "x": 770.80919911039427,
    "y": 464.48762128210768,
    "z": 4002,
    "height": 256.2690324315077,
    "width": 250.26272698389423,
    "tabOrder": 4002
  },
  "visual": {
    "visualType": "advancedSlicerVisual",
    "query": {
      "queryState": {
        "Values": {
          "projections": [
            {
              "field": {
                "HierarchyLevel": {
                  "Expression": {
                    "Hierarchy": {
                      "Expression": {
                        "PropertyVariationSource": {
                          "Expression": {
                            "SourceRef": {
                              "Entity": "Sales_data"
                            }
                          },
                          "Name": "Variation",
                          "Property": "Date"
                        }
                      },
                      "Hierarchy": "Date Hierarchy"
                    }
                  },
                  "Level": "Month"
                }
              },
              "queryRef": "Sales_data.Date.Variation.Date Hierarchy.Month",
              "nativeQueryRef": "Date Month"
            }
          ]
        }
      }
    },
    "objects": {
      "general": [
        {
          "properties": {
            "filter": {
              "filter": {
                "Version": 2,
                "From": [
                  {
                    "Name": "l",
                    "Entity": "LocalDateTable_28507919-35aa-4b45-8bd6-db19406dc33b",
                    "Type": 0
                  }
                ],
                "Where": [
                  {
                    "Condition": {
                      "In": {
                        "Expressions": [
                          {
                            "Column": {
                              "Expression": {
                                "SourceRef": {
                                  "Source": "l"
                                }
                              },
                              "Property": "Month"
                            }
                          }
                        ],
                        "Values": [
                          [
                            {
                              "Literal": {
                                "Value": "'February'"
                              }
                            }
                          ]
                        ]
                      }
                    },
                    "Annotations": {
                      "filterExpressionMetadata": {
                        "expressions": [
                          {
                            "HierarchyLevel": {
                              "Expression": {
                                "Hierarchy": {
                                  "Expression": {
                                    "PropertyVariationSource": {
                                      "Expression": {
                                        "SourceRef": {
                                          "Entity": "Sales_data"
                                        }
                                      },
                                      "Name": "Variation",
                                      "Property": "Date"
                                    }
                                  },
                                  "Hierarchy": "Date Hierarchy"
                                }
                              },
                              "Level": "Month"
                            }
                          }
                        ],
                        "decomposedIdentities": {
                          "values": [
                            [
                              {
                                "0": [
                                  {
                                    "Literal": {
                                      "Value": "'February'"
                                    }
                                  }
                                ]
                              }
                            ]
                          ],
                          "columns": [
                            {
                              "value": {
                                "Column": {
                                  "Expression": {
                                    "SourceRef": {
                                      "Entity": "LocalDateTable_28507919-35aa-4b45-8bd6-db19406dc33b"
                                    }
                                  },
                                  "Property": "Month"
                                }
                              }
                            }
                          ]
                        },
                        "valueMap": [
                          {
                            "0": "February"
                          }
                        ]
                      }
                    }
                  }
                ]
              }
            }
          }
        }
      ]
    },
    "drillFilterOtherVisuals": true
  }
}