{
  "$schema": "https://developer.microsoft.com/json-schemas/fabric/item/report/definition/visualContainer/1.6.0/schema.json",
  "name": "478bc375ac5d28ec2041",
  "position": {
    "x": 338.355206882225,
    "y": 206.21648703472886,
    "z": 3000,
    "height": 328.34469780286923,
    "width": 414.43507588532884,
    "tabOrder": 3000
  },
  "visual": {
    "visualType": "clusteredColumnChart",
    "query": {
      "queryState": {
        "Category": {
          "projections": [
            {
              "field": {
                "Column": {
                  "Expression": {
                    "SourceRef": {
                      "Entity": "Sales_data"
                    }
                  },
                  "Property": "Region"
                }
              },
              "queryRef": "Sales_data.Region",
              "nativeQueryRef": "Region",
              "active": true
            }
          ]
        },
        "Series": {
          "projections": [
            {
              "field": {
                "Column": {
                  "Expression": {
                    "SourceRef": {
                      "Entity": "Sales_data"
                    }
                  },
                  "Property": "Category"
                }
              },
              "queryRef": "Sales_data.Category",
              "nativeQueryRef": "Category"
            }
          ]
        },
        "Y": {
          "projections": [
            {
              "field": {
                "Aggregation": {
                  "Expression": {
                    "Column": {
                      "Expression": {
                        "SourceRef": {
                          "Entity": "Sales_data"
                        }
                      },
                      "Property": "Total_Profit"
                    }
                  },
                  "Function": 0
                }
              },
              "queryRef": "Sum(Sales_data.Total_Profit)",
              "nativeQueryRef": "Sum of Total_Profit"
            }
          ]
        }
      },
      "sortDefinition": {
        "sort": [
          {
            "field": {
              "Aggregation": {
                "Expression": {
                  "Column": {
                    "Expression": {
                      "SourceRef": {
                        "Entity": "Sales_data"
                      }
                    },
                    "Property": "Total_Profit"
                  }
                },
                "Function": 0
              }
            },
            "direction": "Descending"
          }
        ],
        "isDefaultSort": true
      }
    },
    "drillFilterOtherVisuals": true
  }
}