{
  "$schema": "https://developer.microsoft.com/json-schemas/fabric/item/report/definition/visualContainer/1.6.0/schema.json",
  "name": "ed3cb591262695fa4192",
  "position": {
    "x": 1055.1076569640982,
    "y": 464.48762128210768,
    "z": 4004,
    "height": 256.2690324315077,
    "width": 224.23540337756924,
    "tabOrder": 4004
  },
  "visual": {
    "visualType": "listSlicer",
    "query": {
      "queryState": {
        "Values": {
          "projections": [
            {
              "field": {
                "HierarchyLevel": {
                  "Expression": {
                    "Hierarchy": {
                      "Expression": {
                        "PropertyVariationSource": {
                          "Expression": {
                            "SourceRef": {
                              "Entity": "Sales_data"
                            }
                          },
                          "Name": "Variation",
                          "Property": "Date"
                        }
                      },
                      "Hierarchy": "Date Hierarchy"
                    }
                  },
                  "Level": "Year"
                }
              },
              "queryRef": "Sales_data.Date.Variation.Date Hierarchy.Year",
              "nativeQueryRef": "Date Year",
              "active": true
            }
          ]
        }
      },
      "sortDefinition": {
        "sort": [
          {
            "field": {
              "HierarchyLevel": {
                "Expression": {
                  "Hierarchy": {
                    "Expression": {
                      "PropertyVariationSource": {
                        "Expression": {
                          "SourceRef": {
                            "Entity": "Sales_data"
                          }
                        },
                        "Name": "Variation",
                        "Property": "Date"
                      }
                    },
                    "Hierarchy": "Date Hierarchy"
                  }
                },
                "Level": "Year"
              }
            },
            "direction": "Ascending"
          }
        ],
        "isDefaultSort": true
      }
    },
    "objects": {
      "general": [
        {
          "properties": {}
        }
      ]
    },
    "drillFilterOtherVisuals": true
  }
}