{
  "$schema": "https://developer.microsoft.com/json-schemas/fabric/item/report/definition/visualContainer/1.6.0/schema.json",
  "name": "fa5405ce14887405d028",
  "position": {
    "x": 10.010509079355769,
    "y": 336.35310506635386,
    "z": 3000,
    "height": 326.34259598699811,
    "width": 608.63895202483081,
    "tabOrder": 3000
  },
  "visual": {
    "visualType": "decompositionTreeVisual",
    "query": {
      "queryState": {
        "Analyze": {
          "projections": [
            {
              "field": {
                "Aggregation": {
                  "Expression": {
                    "Column": {
                      "Expression": {
                        "SourceRef": {
                          "Entity": "Sales_data"
                        }
                      },
                      "Property": "Total_Sale"
                    }
                  },
                  "Function": 0
                }
              },
              "queryRef": "Sum(Sales_data.Total_Sale)",
              "nativeQueryRef": "Sum of Total_Sale"
            }
          ]
        },
        "ExplainBy": {
          "projections": [
            {
              "field": {
                "Column": {
                  "Expression": {
                    "SourceRef": {
                      "Entity": "Sales_data"
                    }
                  },
                  "Property": "Category"
                }
              },
              "queryRef": "Sales_data.Category",
              "nativeQueryRef": "Category",
              "active": true
            },
            {
              "field": {
                "Column": {
                  "Expression": {
                    "SourceRef": {
                      "Entity": "Sales_data"
                    }
                  },
                  "Property": "Product"
                }
              },
              "queryRef": "Sales_data.Product",
              "nativeQueryRef": "Product",
              "active": true
            }
          ]
        }
      },
      "sortDefinition": {
        "sort": [
          {
            "field": {
              "Aggregation": {
                "Expression": {
                  "Column": {
                    "Expression": {
                      "SourceRef": {
                        "Entity": "Sales_data"
                      }
                    },
                    "Property": "Total_Sale"
                  }
                },
                "Function": 0
              }
            },
            "direction": "Descending"
          }
        ],
        "isDefaultSort": true
      }
    },
    "expansionStates": [
      {
        "roles": [
          "ExplainBy"
        ],
        "levels": [
          {
            "queryRefs": [
              "Sales_data.Category"
            ],
            "isCollapsed": true,
            "identityKeys": [
              {
                "Column": {
                  "Expression": {
                    "SourceRef": {
                      "Entity": "Sales_data"
                    }
                  },
                  "Property": "Category"
                }
              }
            ],
            "isPinned": true
          },
          {
            "queryRefs": [
              "Sales_data.Product"
            ],
            "isCollapsed": true,
            "isPinned": true
          }
        ],
        "root": {
          "children": [
            {
              "identityValues": [
                {
                  "Literal": {
                    "Value": "'software'"
                  }
                }
              ],
              "isToggled": true
            }
          ]
        }
      }
    ],
    "objects": {
      "tree": [
        {
          "properties": {
            "effectiveBarsPerLevel": {
              "expr": {
                "Literal": {
                  "Value": "3L"
                }
              }
            }
          }
        }
      ],
      "insights": [
        {
          "properties": {
            "isAINode": {
              "expr": {
                "Literal": {
                  "Value": "true"
                }
              }
            }
          },
          "selector": {
            "data": [
              {
                "scopeId": {
                  "Comparison": {
                    "ComparisonKind": 0,
                    "Left": {
                      "Column": {
                        "Expression": {
                          "SourceRef": {
                            "Entity": "Sales_data"
                          }
                        },
                        "Property": "Product"
                      }
                    },
                    "Right": {
                      "Literal": {
                        "Value": "'Laptop'"
                      }
                    }
                  }
                }
              }
            ]
          }
        }
      ]
    },
    "drillFilterOtherVisuals": true
  }
}