{
  "$schema": "https://developer.microsoft.com/json-schemas/fabric/item/report/definition/visualContainer/1.6.0/schema.json",
  "name": "f79b9e3562e340e950a5",
  "position": {
    "x": 10.010509079355769,
    "y": 0,
    "z": 0,
    "height": 326.34259598699811,
    "width": 224.23540337756924,
    "tabOrder": 0
  },
  "visual": {
    "visualType": "tableEx",
    "query": {
      "queryState": {
        "Values": {
          "projections": [
            {
              "field": {
                "HierarchyLevel": {
                  "Expression": {
                    "Hierarchy": {
                      "Expression": {
                        "PropertyVariationSource": {
                          "Expression": {
                            "SourceRef": {
                              "Entity": "Sales_data"
                            }
                          },
                          "Name": "Variation",
                          "Property": "Date"
                        }
                      },
                      "Hierarchy": "Date Hierarchy"
                    }
                  },
                  "Level": "Month"
                }
              },
              "queryRef": "Sales_data.Date.Variation.Date Hierarchy.Month",
              "nativeQueryRef": "Date Month"
            },
            {
              "field": {
                "Aggregation": {
                  "Expression": {
                    "Column": {
                      "Expression": {
                        "SourceRef": {
                          "Entity": "Sales_data"
                        }
                      },
                      "Property": "Total_Profit"
                    }
                  },
                  "Function": 0
                }
              },
              "queryRef": "Sum(Sales_data.Total_Profit)",
              "nativeQueryRef": "Sum of Total_Profit"
            }
          ]
        }
      }
    },
    "drillFilterOtherVisuals": true
  }
}