{
  "$schema": "https://developer.microsoft.com/json-schemas/fabric/item/report/definition/visualContainer/1.6.0/schema.json",
  "name": "24c00aabc6acbc8f5723",
  "position": {
    "x": 10.010509079355769,
    "y": 0,
    "z": 0,
    "height": 302.31737419654422,
    "width": 390.409854094875,
    "tabOrder": 0
  },
  "visual": {
    "visualType": "donutChart",
    "query": {
      "queryState": {
        "Category": {
          "projections": [
            {
              "field": {
                "Column": {
                  "Expression": {
                    "SourceRef": {
                      "Entity": "Sales_data"
                    }
                  },
                  "Property": "Product"
                }
              },
              "queryRef": "Sales_data.Product",
              "nativeQueryRef": "Product",
              "active": true
            }
          ]
        },
        "Y": {
          "projections": [
            {
              "field": {
                "Aggregation": {
                  "Expression": {
                    "Column": {
                      "Expression": {
                        "SourceRef": {
                          "Entity": "Sales_data"
                        }
                      },
                      "Property": "Discount"
                    }
                  },
                  "Function": 0
                }
              },
              "queryRef": "Sum(Sales_data.Discount)",
              "nativeQueryRef": "Sum of Discount"
            }
          ]
        }
      },
      "sortDefinition": {
        "sort": [
          {
            "field": {
              "Aggregation": {
                "Expression": {
                  "Column": {
                    "Expression": {
                      "SourceRef": {
                        "Entity": "Sales_data"
                      }
                    },
                    "Property": "Discount"
                  }
                },
                "Function": 0
              }
            },
            "direction": "Descending"
          }
        ],
        "isDefaultSort": true
      }
    },
    "drillFilterOtherVisuals": true
  }
}