{
  "$schema": "https://developer.microsoft.com/json-schemas/fabric/item/report/definition/visualContainer/1.6.0/schema.json",
  "name": "287a793e69eeb51c62dd",
  "position": {
    "x": 558.58640662805192,
    "y": 500.52545396778845,
    "z": 4001,
    "height": 170.17865434904809,
    "width": 212.2227924823423,
    "tabOrder": 4001
  },
  "visual": {
    "visualType": "cardVisual",
    "query": {
      "queryState": {
        "Data": {
          "projections": [
            {
              "field": {
                "Aggregation": {
                  "Expression": {
                    "Column": {
                      "Expression": {
                        "SourceRef": {
                          "Entity": "Sales_data"
                        }
                      },
                      "Property": "Profit_Per_Unit"
                    }
                  },
                  "Function": 0
                }
              },
              "queryRef": "Sum(Sales_data.Profit_Per_Unit)",
              "nativeQueryRef": "Sum of Profit_Per_Unit"
            }
          ]
        }
      },
      "sortDefinition": {
        "sort": [
          {
            "field": {
              "Aggregation": {
                "Expression": {
                  "Column": {
                    "Expression": {
                      "SourceRef": {
                        "Entity": "Sales_data"
                      }
                    },
                    "Property": "Profit_Per_Unit"
                  }
                },
                "Function": 0
              }
            },
            "direction": "Descending"
          }
        ],
        "isDefaultSort": true
      }
    },
    "drillFilterOtherVisuals": true
  }
}