{
  "$schema": "https://developer.microsoft.com/json-schemas/fabric/item/report/definition/visualContainer/1.6.0/schema.json",
  "name": "7c0c6ad5da9f84daf261",
  "position": {
    "x": 234.245912456925,
    "y": 0,
    "z": 2000,
    "height": 300.31527238067309,
    "width": 306.32157782828654,
    "tabOrder": 2000
  },
  "visual": {
    "visualType": "pivotTable",
    "query": {
      "queryState": {
        "Rows": {
          "projections": [
            {
              "field": {
                "Column": {
                  "Expression": {
                    "SourceRef": {
                      "Entity": "Sales_data"
                    }
                  },
                  "Property": "Category"
                }
              },
              "queryRef": "Sales_data.Category",
              "nativeQueryRef": "Category",
              "active": true
            },
            {
              "field": {
                "Column": {
                  "Expression": {
                    "SourceRef": {
                      "Entity": "Sales_data"
                    }
                  },
                  "Property": "Product"
                }
              },
              "queryRef": "Sales_data.Product",
              "nativeQueryRef": "Product",
              "active": true
            }
          ]
        },
        "Values": {
          "projections": [
            {
              "field": {
                "Aggregation": {
                  "Expression": {
                    "Column": {
                      "Expression": {
                        "SourceRef": {
                          "Entity": "Sales_data"
                        }
                      },
                      "Property": "Total_Sale"
                    }
                  },
                  "Function": 0
                }
              },
              "queryRef": "Sum(Sales_data.Total_Sale)",
              "nativeQueryRef": "Sum of Total_Sale"
            }
          ]
        }
      }
    },
    "expansionStates": [
      {
        "roles": [
          "Rows"
        ],
        "levels": [
          {
            "queryRefs": [
              "Sales_data.Category"
            ],
            "isCollapsed": true,
            "identityKeys": [
              {
                "Column": {
                  "Expression": {
                    "SourceRef": {
                      "Entity": "Sales_data"
                    }
                  },
                  "Property": "Category"
                }
              }
            ],
            "isPinned": true
          },
          {
            "queryRefs": [
              "Sales_data.Product"
            ],
            "isCollapsed": true,
            "isPinned": true
          }
        ],
        "root": {
          "children": [
            {
              "identityValues": [
                {
                  "Literal": {
                    "Value": "'Accessories'"
                  }
                }
              ],
              "isToggled": true
            },
            {
              "identityValues": [
                {
                  "Literal": {
                    "Value": "'Electronics'"
                  }
                }
              ],
              "isToggled": true
            },
            {
              "identityValues": [
                {
                  "Literal": {
                    "Value": "'software'"
                  }
                }
              ],
              "isToggled": true
            }
          ]
        }
      }
    ],
    "drillFilterOtherVisuals": true
  }
}