{
  "$schema": "https://developer.microsoft.com/json-schemas/fabric/item/report/definition/visualContainer/1.6.0/schema.json",
  "name": "25358ab9977156d4de96",
  "position": {
    "x": 10.010509079355769,
    "y": 0,
    "z": 0,
    "height": 286.300559669575,
    "width": 594.62423931373269,
    "tabOrder": 0
  },
  "visual": {
    "visualType": "ribbonChart",
    "query": {
      "queryState": {
        "Category": {
          "projections": [
            {
              "field": {
                "HierarchyLevel": {
                  "Expression": {
                    "Hierarchy": {
                      "Expression": {
                        "PropertyVariationSource": {
                          "Expression": {
                            "SourceRef": {
                              "Entity": "Sales_data"
                            }
                          },
                          "Name": "Variation",
                          "Property": "Date"
                        }
                      },
                      "Hierarchy": "Date Hierarchy"
                    }
                  },
                  "Level": "Year"
                }
              },
              "queryRef": "Sales_data.Date.Variation.Date Hierarchy.Year",
              "nativeQueryRef": "Date Year",
              "active": true
            }
          ]
        },
        "Series": {
          "projections": [
            {
              "field": {
                "Column": {
                  "Expression": {
                    "SourceRef": {
                      "Entity": "Sales_data"
                    }
                  },
                  "Property": "Product"
                }
              },
              "queryRef": "Sales_data.Product",
              "nativeQueryRef": "Count of Product"
            }
          ]
        },
        "Y": {
          "projections": [
            {
              "field": {
                "Aggregation": {
                  "Expression": {
                    "Column": {
                      "Expression": {
                        "SourceRef": {
                          "Entity": "Sales_data"
                        }
                      },
                      "Property": "Unit_Price"
                    }
                  },
                  "Function": 5
                }
              },
              "queryRef": "CountNonNull(Sales_data.Unit_Price)",
              "nativeQueryRef": "Count of Unit_Price"
            }
          ]
        }
      },
      "sortDefinition": {
        "sort": [
          {
            "field": {
              "HierarchyLevel": {
                "Expression": {
                  "Hierarchy": {
                    "Expression": {
                      "PropertyVariationSource": {
                        "Expression": {
                          "SourceRef": {
                            "Entity": "Sales_data"
                          }
                        },
                        "Name": "Variation",
                        "Property": "Date"
                      }
                    },
                    "Hierarchy": "Date Hierarchy"
                  }
                },
                "Level": "Year"
              }
            },
            "direction": "Ascending"
          }
        ],
        "isDefaultSort": true
      }
    },
    "drillFilterOtherVisuals": true
  }
}