{
  "$schema": "https://developer.microsoft.com/json-schemas/fabric/item/report/definition/visualContainer/1.6.0/schema.json",
  "name": "98e02f2312d4a6b59444",
  "position": {
    "x": 0,
    "y": 312.3278832759,
    "z": 1000,
    "height": 408.4287704377154,
    "width": 400.42036317423077,
    "tabOrder": 1000
  },
  "visual": {
    "visualType": "treemap",
    "query": {
      "queryState": {
        "Details": {
          "projections": [
            {
              "field": {
                "Column": {
                  "Expression": {
                    "SourceRef": {
                      "Entity": "Sales_data"
                    }
                  },
                  "Property": "Product"
                }
              },
              "queryRef": "Sales_data.Product",
              "nativeQueryRef": "Product"
            }
          ]
        },
        "Group": {
          "projections": [
            {
              "field": {
                "Column": {
                  "Expression": {
                    "SourceRef": {
                      "Entity": "Sales_data"
                    }
                  },
                  "Property": "Category"
                }
              },
              "queryRef": "Sales_data.Category",
              "nativeQueryRef": "Category",
              "active": true
            }
          ]
        },
        "Values": {
          "projections": [
            {
              "field": {
                "Aggregation": {
                  "Expression": {
                    "Column": {
                      "Expression": {
                        "SourceRef": {
                          "Entity": "Sales_data"
                        }
                      },
                      "Property": "Total_Profit"
                    }
                  },
                  "Function": 0
                }
              },
              "queryRef": "Sum(Sales_data.Total_Profit)",
              "nativeQueryRef": "Sum of Total_Profit"
            }
          ]
        }
      }
    },
    "drillFilterOtherVisuals": true
  }
}