{
  "$schema": "https://developer.microsoft.com/json-schemas/fabric/item/report/definition/visualContainer/1.6.0/schema.json",
  "name": "a3cf1db716dfbcb0ff59",
  "position": {
    "x": 10.010509079355769,
    "y": 300.31527238067309,
    "z": 2000,
    "height": 420.44138133294234,
    "width": 252.26482879976538,
    "tabOrder": 2000
  },
  "visual": {
    "visualType": "funnel",
    "query": {
      "queryState": {
        "Category": {
          "projections": [
            {
              "field": {
                "HierarchyLevel": {
                  "Expression": {
                    "Hierarchy": {
                      "Expression": {
                        "PropertyVariationSource": {
                          "Expression": {
                            "SourceRef": {
                              "Entity": "Sales_data"
                            }
                          },
                          "Name": "Variation",
                          "Property": "Date"
                        }
                      },
                      "Hierarchy": "Date Hierarchy"
                    }
                  },
                  "Level": "Month"
                }
              },
              "queryRef": "Sales_data.Date.Variation.Date Hierarchy.Month",
              "nativeQueryRef": "Date Month",
              "active": true
            }
          ]
        },
        "Y": {
          "projections": [
            {
              "field": {
                "Aggregation": {
                  "Expression": {
                    "Column": {
                      "Expression": {
                        "SourceRef": {
                          "Entity": "Sales_data"
                        }
                      },
                      "Property": "Total_Profit"
                    }
                  },
                  "Function": 0
                }
              },
              "queryRef": "Sum(Sales_data.Total_Profit)",
              "nativeQueryRef": "Sum of Total_Profit"
            }
          ]
        }
      }
    },
    "drillFilterOtherVisuals": true
  }
}