{
  "$schema": "https://developer.microsoft.com/json-schemas/fabric/item/report/definition/visualContainer/1.6.0/schema.json",
  "name": "b1c7e47d62965b70ea65",
  "position": {
    "x": 262.27533787912114,
    "y": 334.35100325048268,
    "z": 3000,
    "height": 372.39093775203463,
    "width": 480.50443580907694,
    "tabOrder": 3000
  },
  "visual": {
    "visualType": "scatterChart",
    "query": {
      "queryState": {
        "Category": {
          "projections": [
            {
              "field": {
                "HierarchyLevel": {
                  "Expression": {
                    "Hierarchy": {
                      "Expression": {
                        "PropertyVariationSource": {
                          "Expression": {
                            "SourceRef": {
                              "Entity": "Sales_data"
                            }
                          },
                          "Name": "Variation",
                          "Property": "Date"
                        }
                      },
                      "Hierarchy": "Date Hierarchy"
                    }
                  },
                  "Level": "Year"
                }
              },
              "queryRef": "Sales_data.Date.Variation.Date Hierarchy.Year",
              "nativeQueryRef": "Date Year",
              "active": true
            }
          ]
        },
        "Play": {
          "projections": [
            {
              "field": {
                "Column": {
                  "Expression": {
                    "SourceRef": {
                      "Entity": "Sales_data"
                    }
                  },
                  "Property": "Sales_Rep"
                }
              },
              "queryRef": "Sales_data.Sales_Rep",
              "nativeQueryRef": "Sales_Rep"
            }
          ]
        },
        "Series": {
          "projections": [
            {
              "field": {
                "Column": {
                  "Expression": {
                    "SourceRef": {
                      "Entity": "Sales_data"
                    }
                  },
                  "Property": "Region"
                }
              },
              "queryRef": "Sales_data.Region",
              "nativeQueryRef": "Region"
            }
          ]
        },
        "X": {
          "projections": [
            {
              "field": {
                "Aggregation": {
                  "Expression": {
                    "Column": {
                      "Expression": {
                        "SourceRef": {
                          "Entity": "Sales_data"
                        }
                      },
                      "Property": "Profit_Per_Unit"
                    }
                  },
                  "Function": 0
                }
              },
              "queryRef": "Sum(Sales_data.Profit_Per_Unit)",
              "nativeQueryRef": "Sum of Profit_Per_Unit",
              "active": true
            }
          ]
        }
      }
    },
    "drillFilterOtherVisuals": true
  }
}