{
  "$schema": "https://developer.microsoft.com/json-schemas/fabric/item/report/definition/visualContainer/1.6.0/schema.json",
  "name": "2134db45d185b75ce465",
  "position": {
    "x": 410.43087225358653,
    "y": 274.28794877434808,
    "z": 4000,
    "height": 446.4687049392673,
    "width": 426.44768678055578,
    "tabOrder": 4000
  },
  "visual": {
    "visualType": "multiRowCard",
    "query": {
      "queryState": {
        "Values": {
          "projections": [
            {
              "field": {
                "Aggregation": {
                  "Expression": {
                    "Column": {
                      "Expression": {
                        "SourceRef": {
                          "Entity": "Sales_data"
                        }
                      },
                      "Property": "Discount"
                    }
                  },
                  "Function": 0
                }
              },
              "queryRef": "Sum(Sales_data.Discount)",
              "nativeQueryRef": "Sum of Discount"
            },
            {
              "field": {
                "Column": {
                  "Expression": {
                    "SourceRef": {
                      "Entity": "Sales_data"
                    }
                  },
                  "Property": "Product"
                }
              },
              "queryRef": "Sales_data.Product",
              "nativeQueryRef": "Product"
            }
          ]
        }
      },
      "sortDefinition": {
        "sort": [
          {
            "field": {
              "Aggregation": {
                "Expression": {
                  "Column": {
                    "Expression": {
                      "SourceRef": {
                        "Entity": "Sales_data"
                      }
                    },
                    "Property": "Discount"
                  }
                },
                "Function": 0
              }
            },
            "direction": "Descending"
          }
        ],
        "isDefaultSort": true
      }
    },
    "drillFilterOtherVisuals": true
  }
}