{
  "version": "1.1.0",
  "diagrams": [
    {
      "ordinal": 0,
      "scrollPosition": {
        "x": 163,
        "y": 0
      },
      "nodes": [
        {
          "location": {
            "x": 0,
            "y": 123
          },
          "nodeIndex": "DimCustomer",
          "nodeLineageTag": "81aacfdc-1e5f-4e72-b9e4-5738a1648a1e",
          "size": {
            "height": 300,
            "width": 234
          },
          "zIndex": 1
        },
        {
          "location": {
            "x": 408,
            "y": 879
          },
          "nodeIndex": "DimDate",
          "nodeLineageTag": "937b0139-2eca-478a-9650-5a9ad3f0227f",
          "size": {
            "height": 300,
            "width": 234
          },
          "zIndex": 2
        },
        {
          "location": {
            "x": 370,
            "y": 0
          },
          "nodeIndex": "DimEmployee",
          "nodeLineageTag": "a3ea065b-bce8-4b74-8691-2e246254c98b",
          "size": {
            "height": 300,
            "width": 234
          },
          "zIndex": 3
        },
        {
          "location": {
            "x": 800,
            "y": 381
          },
          "nodeIndex": "DimProduct",
          "nodeLineageTag": "c91a2f07-7e08-4f04-aa78-a2743a2a1352",
          "size": {
            "height": 300,
            "width": 234
          },
          "zIndex": 4
        },
        {
          "location": {
            "x": 12.333328247070313,
            "y": 603
          },
          "nodeIndex": "DimSalesTerritory",
          "nodeLineageTag": "3fd7811b-c82e-45ce-a101-74ae567e7cd5",
          "size": {
            "height": 200,
            "width": 234
          },
          "zIndex": 5
        },
        {
          "location": {
            "x": 421.33334350585938,
            "y": 352
          },
          "nodeIndex": "FactInternetSales",
          "nodeLineageTag": "9d8982e8-8ea6-4a1c-87f1-88d405076848",
          "size": {
            "height": 300,
            "width": 234
          },
          "zIndex": 6
        },
        {
          "location": {
            "x": 1084,
            "y": 489.5
          },
          "nodeIndex": "Measures Table",
          "size": {
            "height": 200,
            "width": 234
          },
          "zIndex": 0
        }
      ],
      "name": "All tables",
      "zoomValue": 100,
      "pinKeyFieldsToTop": false,
      "showExtraHeaderInfo": false,
      "hideKeyFieldsWhenCollapsed": false,
      "tablesLocked": false
    }
  ],
  "selectedDiagram": "All tables",
  "defaultDiagram": "All tables"
}