{
  "$schema": "https://developer.microsoft.com/json-schemas/fabric/item/report/definition/visualContainer/1.6.0/schema.json",
  "name": "e625f1e93962280858d7",
  "position": {
    "x": 624.6557665518,
    "y": 0,
    "z": 1000,
    "height": 304.31947601241541,
    "width": 566.59481389153655,
    "tabOrder": 1000
  },
  "visual": {
    "visualType": "waterfallChart",
    "query": {
      "queryState": {
        "Breakdown": {
          "projections": [
            {
              "field": {
                "Column": {
                  "Expression": {
                    "SourceRef": {
                      "Entity": "Sales_data"
                    }
                  },
                  "Property": "Product"
                }
              },
              "queryRef": "Sales_data.Product",
              "nativeQueryRef": "Product"
            }
          ]
        },
        "Category": {
          "projections": [
            {
              "field": {
                "HierarchyLevel": {
                  "Expression": {
                    "Hierarchy": {
                      "Expression": {
                        "PropertyVariationSource": {
                          "Expression": {
                            "SourceRef": {
                              "Entity": "Sales_data"
                            }
                          },
                          "Name": "Variation",
                          "Property": "Date"
                        }
                      },
                      "Hierarchy": "Date Hierarchy"
                    }
                  },
                  "Level": "Quarter"
                }
              },
              "queryRef": "Sales_data.Date.Variation.Date Hierarchy.Quarter",
              "nativeQueryRef": "Date Quarter",
              "active": true
            }
          ]
        },
        "Y": {
          "projections": [
            {
              "field": {
                "Aggregation": {
                  "Expression": {
                    "Column": {
                      "Expression": {
                        "SourceRef": {
                          "Entity": "Sales_data"
                        }
                      },
                      "Property": "Sales_Rep"
                    }
                  },
                  "Function": 5
                }
              },
              "queryRef": "CountNonNull(Sales_data.Sales_Rep)",
              "nativeQueryRef": "Count of Sales_Rep"
            }
          ]
        }
      }
    },
    "drillFilterOtherVisuals": true
  }
}